district_id,image_link
ak0,https://github.com/madelinekinnaird/Gerrymandr/blob/master/images/ak0.PNG
al1,https://github.com/madelinekinnaird/Gerrymandr/blob/master/images/al1.PNG
al2,https://github.com/madelinekinnaird/Gerrymandr/blob/master/images/al2.PNG
al3,https://github.com/madelinekinnaird/Gerrymandr/blob/master/images/al3.PNG
al4,https://github.com/madelinekinnaird/Gerrymandr/blob/master/images/al4.PNG
al5,https://github.com/madelinekinnaird/Gerrymandr/blob/master/images/al5.PNG
al6,https://github.com/madelinekinnaird/Gerrymandr/blob/master/images/al6.PNG
al7,https://github.com/madelinekinnaird/Gerrymandr/blob/master/images/al7.PNG
ar1,https://github.com/madelinekinnaird/Gerrymandr/blob/master/images/ar1.PNG
ar2,https://github.com/madelinekinnaird/Gerrymandr/blob/master/images/ar2.PNG
ar3,https://github.com/madelinekinnaird/Gerrymandr/blob/master/images/ar3.PNG
ar4,https://github.com/madelinekinnaird/Gerrymandr/blob/master/images/ar4.PNG
az1,https://github.com/madelinekinnaird/Gerrymandr/blob/master/images/az1.PNG
az2,https://github.com/madelinekinnaird/Gerrymandr/blob/master/images/az2.PNG
az3,https://github.com/madelinekinnaird/Gerrymandr/blob/master/images/az3.PNG
az4,https://github.com/madelinekinnaird/Gerrymandr/blob/master/images/az4.PNG
az5,https://github.com/madelinekinnaird/Gerrymandr/blob/master/images/az5.PNG
az6,https://github.com/madelinekinnaird/Gerrymandr/blob/master/images/az6.PNG
az7,https://github.com/madelinekinnaird/Gerrymandr/blob/master/images/az7.PNG
az8,https://github.com/madelinekinnaird/Gerrymandr/blob/master/images/az8.PNG
az9,https://github.com/madelinekinnaird/Gerrymandr/blob/master/images/az9.PNG
ca1,https://github.com/madelinekinnaird/Gerrymandr/blob/master/images/ca1.PNG
ca2,https://github.com/madelinekinnaird/Gerrymandr/blob/master/images/ca2.PNG
ca3,https://github.com/madelinekinnaird/Gerrymandr/blob/master/images/ca3.PNG
ca4,https://github.com/madelinekinnaird/Gerrymandr/blob/master/images/ca4.PNG
ca5,https://github.com/madelinekinnaird/Gerrymandr/blob/master/images/ca5.PNG
ca6,https://github.com/madelinekinnaird/Gerrymandr/blob/master/images/ca6.PNG
ca7,https://github.com/madelinekinnaird/Gerrymandr/blob/master/images/ca7.PNG
ca8,https://github.com/madelinekinnaird/Gerrymandr/blob/master/images/ca8.PNG
ca9,https://github.com/madelinekinnaird/Gerrymandr/blob/master/images/ca9.PNG
ca10,https://github.com/madelinekinnaird/Gerrymandr/blob/master/images/ca10.PNG
ca11,https://github.com/madelinekinnaird/Gerrymandr/blob/master/images/ca11.PNG
ca12,https://github.com/madelinekinnaird/Gerrymandr/blob/master/images/ca12.PNG
ca13,https://github.com/madelinekinnaird/Gerrymandr/blob/master/images/ca13.PNG
ca14,https://github.com/madelinekinnaird/Gerrymandr/blob/master/images/ca14.PNG
ca15,https://github.com/madelinekinnaird/Gerrymandr/blob/master/images/ca15.PNG
ca16,https://github.com/madelinekinnaird/Gerrymandr/blob/master/images/ca16.PNG
ca17,https://github.com/madelinekinnaird/Gerrymandr/blob/master/images/ca17.PNG
ca18,https://github.com/madelinekinnaird/Gerrymandr/blob/master/images/ca18.PNG
ca19,https://github.com/madelinekinnaird/Gerrymandr/blob/master/images/ca19.PNG
ca20,https://github.com/madelinekinnaird/Gerrymandr/blob/master/images/ca20.PNG
ca21,https://github.com/madelinekinnaird/Gerrymandr/blob/master/images/ca21.PNG
ca22,https://github.com/madelinekinnaird/Gerrymandr/blob/master/images/ca22.PNG
ca23,https://github.com/madelinekinnaird/Gerrymandr/blob/master/images/ca23.PNG
ca24,https://github.com/madelinekinnaird/Gerrymandr/blob/master/images/ca24.PNG
ca25,https://github.com/madelinekinnaird/Gerrymandr/blob/master/images/ca25.PNG
ca26,https://github.com/madelinekinnaird/Gerrymandr/blob/master/images/ca26.PNG
ca27,https://github.com/madelinekinnaird/Gerrymandr/blob/master/images/ca27.PNG
ca28,https://github.com/madelinekinnaird/Gerrymandr/blob/master/images/ca28.PNG
ca29,https://github.com/madelinekinnaird/Gerrymandr/blob/master/images/ca29.PNG
ca30,https://github.com/madelinekinnaird/Gerrymandr/blob/master/images/ca30.PNG
ca31,https://github.com/madelinekinnaird/Gerrymandr/blob/master/images/ca31.PNG
ca32,https://github.com/madelinekinnaird/Gerrymandr/blob/master/images/ca32.PNG
ca33,https://github.com/madelinekinnaird/Gerrymandr/blob/master/images/ca33.PNG
ca34,https://github.com/madelinekinnaird/Gerrymandr/blob/master/images/ca34.PNG
ca35,https://github.com/madelinekinnaird/Gerrymandr/blob/master/images/ca35.PNG
ca36,https://github.com/madelinekinnaird/Gerrymandr/blob/master/images/ca36.PNG
ca37,https://github.com/madelinekinnaird/Gerrymandr/blob/master/images/ca37.PNG
ca38,https://github.com/madelinekinnaird/Gerrymandr/blob/master/images/ca38.PNG
ca39,https://github.com/madelinekinnaird/Gerrymandr/blob/master/images/ca39.PNG
ca40,https://github.com/madelinekinnaird/Gerrymandr/blob/master/images/ca40.PNG
ca41,https://github.com/madelinekinnaird/Gerrymandr/blob/master/images/ca41.PNG
ca42,https://github.com/madelinekinnaird/Gerrymandr/blob/master/images/ca42.PNG
ca43,https://github.com/madelinekinnaird/Gerrymandr/blob/master/images/ca43.PNG
ca44,https://github.com/madelinekinnaird/Gerrymandr/blob/master/images/ca44.PNG
ca45,https://github.com/madelinekinnaird/Gerrymandr/blob/master/images/ca45.PNG
ca46,https://github.com/madelinekinnaird/Gerrymandr/blob/master/images/ca46.PNG
ca47,https://github.com/madelinekinnaird/Gerrymandr/blob/master/images/ca47.PNG
ca48,https://github.com/madelinekinnaird/Gerrymandr/blob/master/images/ca48.PNG
ca49,https://github.com/madelinekinnaird/Gerrymandr/blob/master/images/ca49.PNG
ca50,https://github.com/madelinekinnaird/Gerrymandr/blob/master/images/ca50.PNG
ca51,https://github.com/madelinekinnaird/Gerrymandr/blob/master/images/ca51.PNG
ca52,https://github.com/madelinekinnaird/Gerrymandr/blob/master/images/ca52.PNG
ca53,https://github.com/madelinekinnaird/Gerrymandr/blob/master/images/ca53.PNG
co1,https://github.com/madelinekinnaird/Gerrymandr/blob/master/images/co1.PNG
co2,https://github.com/madelinekinnaird/Gerrymandr/blob/master/images/co2.PNG
co3,https://github.com/madelinekinnaird/Gerrymandr/blob/master/images/co3.PNG
co4,https://github.com/madelinekinnaird/Gerrymandr/blob/master/images/co4.PNG
co5,https://github.com/madelinekinnaird/Gerrymandr/blob/master/images/co5.PNG
co6,https://github.com/madelinekinnaird/Gerrymandr/blob/master/images/co6.PNG
co7,https://github.com/madelinekinnaird/Gerrymandr/blob/master/images/co7.PNG
ct1,https://github.com/madelinekinnaird/Gerrymandr/blob/master/images/ct1.PNG
ct2,https://github.com/madelinekinnaird/Gerrymandr/blob/master/images/ct2.PNG
ct3,https://github.com/madelinekinnaird/Gerrymandr/blob/master/images/ct3.PNG
ct4,https://github.com/madelinekinnaird/Gerrymandr/blob/master/images/ct4.PNG
ct5,https://github.com/madelinekinnaird/Gerrymandr/blob/master/images/ct5.PNG
de0,https://github.com/madelinekinnaird/Gerrymandr/blob/master/images/de0.PNG
fl1,https://github.com/madelinekinnaird/Gerrymandr/blob/master/images/fl1.PNG
fl2,https://github.com/madelinekinnaird/Gerrymandr/blob/master/images/fl2.PNG
fl3,https://github.com/madelinekinnaird/Gerrymandr/blob/master/images/fl3.PNG
fl4,https://github.com/madelinekinnaird/Gerrymandr/blob/master/images/fl4.PNG
fl5,https://github.com/madelinekinnaird/Gerrymandr/blob/master/images/fl5.PNG
fl6,https://github.com/madelinekinnaird/Gerrymandr/blob/master/images/fl6.PNG
fl7,https://github.com/madelinekinnaird/Gerrymandr/blob/master/images/fl7.PNG
fl8,https://github.com/madelinekinnaird/Gerrymandr/blob/master/images/fl8.PNG
fl9,https://github.com/madelinekinnaird/Gerrymandr/blob/master/images/fl9.PNG
fl10,https://github.com/madelinekinnaird/Gerrymandr/blob/master/images/fl10.PNG
fl11,https://github.com/madelinekinnaird/Gerrymandr/blob/master/images/fl11.PNG
fl12,https://github.com/madelinekinnaird/Gerrymandr/blob/master/images/fl12.PNG
fl13,https://github.com/madelinekinnaird/Gerrymandr/blob/master/images/fl13.PNG
fl14,https://github.com/madelinekinnaird/Gerrymandr/blob/master/images/fl14.PNG
fl15,https://github.com/madelinekinnaird/Gerrymandr/blob/master/images/fl15.PNG
fl16,https://github.com/madelinekinnaird/Gerrymandr/blob/master/images/fl16.PNG
fl17,https://github.com/madelinekinnaird/Gerrymandr/blob/master/images/fl17.PNG
fl18,https://github.com/madelinekinnaird/Gerrymandr/blob/master/images/fl18.PNG
fl19,https://github.com/madelinekinnaird/Gerrymandr/blob/master/images/fl19.PNG
fl20,https://github.com/madelinekinnaird/Gerrymandr/blob/master/images/fl20.PNG
fl21,https://github.com/madelinekinnaird/Gerrymandr/blob/master/images/fl21.PNG
fl22,https://github.com/madelinekinnaird/Gerrymandr/blob/master/images/fl22.PNG
fl23,https://github.com/madelinekinnaird/Gerrymandr/blob/master/images/fl23.PNG
fl24,https://github.com/madelinekinnaird/Gerrymandr/blob/master/images/fl24.PNG
fl25,https://github.com/madelinekinnaird/Gerrymandr/blob/master/images/fl25.PNG
fl26,https://github.com/madelinekinnaird/Gerrymandr/blob/master/images/fl26.PNG
fl27,https://github.com/madelinekinnaird/Gerrymandr/blob/master/images/fl27.PNG
ga1,https://github.com/madelinekinnaird/Gerrymandr/blob/master/images/ga1.PNG
ga2,https://github.com/madelinekinnaird/Gerrymandr/blob/master/images/ga2.PNG
ga3,https://github.com/madelinekinnaird/Gerrymandr/blob/master/images/ga3.PNG
ga4,https://github.com/madelinekinnaird/Gerrymandr/blob/master/images/ga4.PNG
ga5,https://github.com/madelinekinnaird/Gerrymandr/blob/master/images/ga5.PNG
ga6,https://github.com/madelinekinnaird/Gerrymandr/blob/master/images/ga6.PNG
ga7,https://github.com/madelinekinnaird/Gerrymandr/blob/master/images/ga7.PNG
ga8,https://github.com/madelinekinnaird/Gerrymandr/blob/master/images/ga8.PNG
ga9,https://github.com/madelinekinnaird/Gerrymandr/blob/master/images/ga9.PNG
ga10,https://github.com/madelinekinnaird/Gerrymandr/blob/master/images/ga10.PNG
ga11,https://github.com/madelinekinnaird/Gerrymandr/blob/master/images/ga11.PNG
ga12,https://github.com/madelinekinnaird/Gerrymandr/blob/master/images/ga12.PNG
ga13,https://github.com/madelinekinnaird/Gerrymandr/blob/master/images/ga13.PNG
ga14,https://github.com/madelinekinnaird/Gerrymandr/blob/master/images/ga14.PNG
hi1,https://github.com/madelinekinnaird/Gerrymandr/blob/master/images/hi1.PNG
hi2,https://github.com/madelinekinnaird/Gerrymandr/blob/master/images/hi2.PNG
ia1,https://github.com/madelinekinnaird/Gerrymandr/blob/master/images/ia1.PNG
ia2,https://github.com/madelinekinnaird/Gerrymandr/blob/master/images/ia2.PNG
ia3,https://github.com/madelinekinnaird/Gerrymandr/blob/master/images/ia3.PNG
ia4,https://github.com/madelinekinnaird/Gerrymandr/blob/master/images/ia4.PNG
id1,https://github.com/madelinekinnaird/Gerrymandr/blob/master/images/id1.PNG
id2,https://github.com/madelinekinnaird/Gerrymandr/blob/master/images/id2.PNG
il1,https://github.com/madelinekinnaird/Gerrymandr/blob/master/images/il1.PNG
il2,https://github.com/madelinekinnaird/Gerrymandr/blob/master/images/il2.PNG
il3,https://github.com/madelinekinnaird/Gerrymandr/blob/master/images/il3.PNG
il4,https://github.com/madelinekinnaird/Gerrymandr/blob/master/images/il4.PNG
il5,https://github.com/madelinekinnaird/Gerrymandr/blob/master/images/il5.PNG
il6,https://github.com/madelinekinnaird/Gerrymandr/blob/master/images/il6.PNG
il7,https://github.com/madelinekinnaird/Gerrymandr/blob/master/images/il7.PNG
il8,https://github.com/madelinekinnaird/Gerrymandr/blob/master/images/il8.PNG
il9,https://github.com/madelinekinnaird/Gerrymandr/blob/master/images/il9.PNG
il10,https://github.com/madelinekinnaird/Gerrymandr/blob/master/images/il10.PNG
il11,https://github.com/madelinekinnaird/Gerrymandr/blob/master/images/il11.PNG
il12,https://github.com/madelinekinnaird/Gerrymandr/blob/master/images/il12.PNG
il13,https://github.com/madelinekinnaird/Gerrymandr/blob/master/images/il13.PNG
il14,https://github.com/madelinekinnaird/Gerrymandr/blob/master/images/il14.PNG
il15,https://github.com/madelinekinnaird/Gerrymandr/blob/master/images/il15.PNG
il16,https://github.com/madelinekinnaird/Gerrymandr/blob/master/images/il16.PNG
il17,https://github.com/madelinekinnaird/Gerrymandr/blob/master/images/il17.PNG
il18,https://github.com/madelinekinnaird/Gerrymandr/blob/master/images/il18.PNG
in1,https://github.com/madelinekinnaird/Gerrymandr/blob/master/images/in1.PNG
in2,https://github.com/madelinekinnaird/Gerrymandr/blob/master/images/in2.PNG
in3,https://github.com/madelinekinnaird/Gerrymandr/blob/master/images/in3.PNG
in4,https://github.com/madelinekinnaird/Gerrymandr/blob/master/images/in4.PNG
in5,https://github.com/madelinekinnaird/Gerrymandr/blob/master/images/in5.PNG
in6,https://github.com/madelinekinnaird/Gerrymandr/blob/master/images/in6.PNG
in7,https://github.com/madelinekinnaird/Gerrymandr/blob/master/images/in7.PNG
in8,https://github.com/madelinekinnaird/Gerrymandr/blob/master/images/in8.PNG
in9,https://github.com/madelinekinnaird/Gerrymandr/blob/master/images/in9.PNG
ks1,https://github.com/madelinekinnaird/Gerrymandr/blob/master/images/ks1.PNG
ks2,https://github.com/madelinekinnaird/Gerrymandr/blob/master/images/ks2.PNG
ks3,https://github.com/madelinekinnaird/Gerrymandr/blob/master/images/ks3.PNG
ks4,https://github.com/madelinekinnaird/Gerrymandr/blob/master/images/ks4.PNG
ky1,https://github.com/madelinekinnaird/Gerrymandr/blob/master/images/ky1.PNG
ky2,https://github.com/madelinekinnaird/Gerrymandr/blob/master/images/ky2.PNG
ky3,https://github.com/madelinekinnaird/Gerrymandr/blob/master/images/ky3.PNG
ky4,https://github.com/madelinekinnaird/Gerrymandr/blob/master/images/ky4.PNG
ky5,https://github.com/madelinekinnaird/Gerrymandr/blob/master/images/ky5.PNG
ky6,https://github.com/madelinekinnaird/Gerrymandr/blob/master/images/ky6.PNG
la1,https://github.com/madelinekinnaird/Gerrymandr/blob/master/images/la1.PNG
la2,https://github.com/madelinekinnaird/Gerrymandr/blob/master/images/la2.PNG
la3,https://github.com/madelinekinnaird/Gerrymandr/blob/master/images/la3.PNG
la4,https://github.com/madelinekinnaird/Gerrymandr/blob/master/images/la4.PNG
la5,https://github.com/madelinekinnaird/Gerrymandr/blob/master/images/la5.PNG
la6,https://github.com/madelinekinnaird/Gerrymandr/blob/master/images/la6.PNG
ma1,https://github.com/madelinekinnaird/Gerrymandr/blob/master/images/ma1.PNG
ma2,https://github.com/madelinekinnaird/Gerrymandr/blob/master/images/ma2.PNG
ma3,https://github.com/madelinekinnaird/Gerrymandr/blob/master/images/ma3.PNG
ma4,https://github.com/madelinekinnaird/Gerrymandr/blob/master/images/ma4.PNG
ma5,https://github.com/madelinekinnaird/Gerrymandr/blob/master/images/ma5.PNG
ma6,https://github.com/madelinekinnaird/Gerrymandr/blob/master/images/ma6.PNG
ma7,https://github.com/madelinekinnaird/Gerrymandr/blob/master/images/ma7.PNG
ma8,https://github.com/madelinekinnaird/Gerrymandr/blob/master/images/ma8.PNG
ma9,https://github.com/madelinekinnaird/Gerrymandr/blob/master/images/ma9.PNG
md1,https://github.com/madelinekinnaird/Gerrymandr/blob/master/images/md1.PNG
md2,https://github.com/madelinekinnaird/Gerrymandr/blob/master/images/md2.PNG
md3,https://github.com/madelinekinnaird/Gerrymandr/blob/master/images/md3.PNG
md4,https://github.com/madelinekinnaird/Gerrymandr/blob/master/images/md4.PNG
md5,https://github.com/madelinekinnaird/Gerrymandr/blob/master/images/md5.PNG
md6,https://github.com/madelinekinnaird/Gerrymandr/blob/master/images/md6.PNG
md7,https://github.com/madelinekinnaird/Gerrymandr/blob/master/images/md7.PNG
md8,https://github.com/madelinekinnaird/Gerrymandr/blob/master/images/md8.PNG
me1,https://github.com/madelinekinnaird/Gerrymandr/blob/master/images/me1.PNG
me2,https://github.com/madelinekinnaird/Gerrymandr/blob/master/images/me2.PNG
mi1,https://github.com/madelinekinnaird/Gerrymandr/blob/master/images/mi1.PNG
mi2,https://github.com/madelinekinnaird/Gerrymandr/blob/master/images/mi2.PNG
mi3,https://github.com/madelinekinnaird/Gerrymandr/blob/master/images/mi3.PNG
mi4,https://github.com/madelinekinnaird/Gerrymandr/blob/master/images/mi4.PNG
mi5,https://github.com/madelinekinnaird/Gerrymandr/blob/master/images/mi5.PNG
mi6,https://github.com/madelinekinnaird/Gerrymandr/blob/master/images/mi6.PNG
mi7,https://github.com/madelinekinnaird/Gerrymandr/blob/master/images/mi7.PNG
mi8,https://github.com/madelinekinnaird/Gerrymandr/blob/master/images/mi8.PNG
mi9,https://github.com/madelinekinnaird/Gerrymandr/blob/master/images/mi9.PNG
mi10,https://github.com/madelinekinnaird/Gerrymandr/blob/master/images/mi10.PNG
mi11,https://github.com/madelinekinnaird/Gerrymandr/blob/master/images/mi11.PNG
mi12,https://github.com/madelinekinnaird/Gerrymandr/blob/master/images/mi12.PNG
mi13,https://github.com/madelinekinnaird/Gerrymandr/blob/master/images/mi13.PNG
mi14,https://github.com/madelinekinnaird/Gerrymandr/blob/master/images/mi14.PNG
mn1,https://github.com/madelinekinnaird/Gerrymandr/blob/master/images/mn1.PNG
mn2,https://github.com/madelinekinnaird/Gerrymandr/blob/master/images/mn2.PNG
mn3,https://github.com/madelinekinnaird/Gerrymandr/blob/master/images/mn3.PNG
mn4,https://github.com/madelinekinnaird/Gerrymandr/blob/master/images/mn4.PNG
mn5,https://github.com/madelinekinnaird/Gerrymandr/blob/master/images/mn5.PNG
mn6,https://github.com/madelinekinnaird/Gerrymandr/blob/master/images/mn6.PNG
mn7,https://github.com/madelinekinnaird/Gerrymandr/blob/master/images/mn7.PNG
mn8,https://github.com/madelinekinnaird/Gerrymandr/blob/master/images/mn8.PNG
mo1,https://github.com/madelinekinnaird/Gerrymandr/blob/master/images/mo1.PNG
mo2,https://github.com/madelinekinnaird/Gerrymandr/blob/master/images/mo2.PNG
mo3,https://github.com/madelinekinnaird/Gerrymandr/blob/master/images/mo3.PNG
mo4,https://github.com/madelinekinnaird/Gerrymandr/blob/master/images/mo4.PNG
mo5,https://github.com/madelinekinnaird/Gerrymandr/blob/master/images/mo5.PNG
mo6,https://github.com/madelinekinnaird/Gerrymandr/blob/master/images/mo6.PNG
mo7,https://github.com/madelinekinnaird/Gerrymandr/blob/master/images/mo7.PNG
mo8,https://github.com/madelinekinnaird/Gerrymandr/blob/master/images/mo8.PNG
ms1,https://github.com/madelinekinnaird/Gerrymandr/blob/master/images/ms1.PNG
ms2,https://github.com/madelinekinnaird/Gerrymandr/blob/master/images/ms2.PNG
ms3,https://github.com/madelinekinnaird/Gerrymandr/blob/master/images/ms3.PNG
ms4,https://github.com/madelinekinnaird/Gerrymandr/blob/master/images/ms4.PNG
mt0,https://github.com/madelinekinnaird/Gerrymandr/blob/master/images/mt0.PNG
nc1,https://github.com/madelinekinnaird/Gerrymandr/blob/master/images/nc1.PNG
nc2,https://github.com/madelinekinnaird/Gerrymandr/blob/master/images/nc2.PNG
nc3,https://github.com/madelinekinnaird/Gerrymandr/blob/master/images/nc3.PNG
nc4,https://github.com/madelinekinnaird/Gerrymandr/blob/master/images/nc4.PNG
nc5,https://github.com/madelinekinnaird/Gerrymandr/blob/master/images/nc5.PNG
nc6,https://github.com/madelinekinnaird/Gerrymandr/blob/master/images/nc6.PNG
nc7,https://github.com/madelinekinnaird/Gerrymandr/blob/master/images/nc7.PNG
nc8,https://github.com/madelinekinnaird/Gerrymandr/blob/master/images/nc8.PNG
nc9,https://github.com/madelinekinnaird/Gerrymandr/blob/master/images/nc9.PNG
nc10,https://github.com/madelinekinnaird/Gerrymandr/blob/master/images/nc10.PNG
nc11,https://github.com/madelinekinnaird/Gerrymandr/blob/master/images/nc11.PNG
nc12,https://github.com/madelinekinnaird/Gerrymandr/blob/master/images/nc12.PNG
nc13,https://github.com/madelinekinnaird/Gerrymandr/blob/master/images/nc13.PNG
nd0,https://github.com/madelinekinnaird/Gerrymandr/blob/master/images/nd0.PNG
ne1,https://github.com/madelinekinnaird/Gerrymandr/blob/master/images/ne1.PNG
ne2,https://github.com/madelinekinnaird/Gerrymandr/blob/master/images/ne2.PNG
ne3,https://github.com/madelinekinnaird/Gerrymandr/blob/master/images/ne3.PNG
nh1,https://github.com/madelinekinnaird/Gerrymandr/blob/master/images/nh1.PNG
nh2,https://github.com/madelinekinnaird/Gerrymandr/blob/master/images/nh2.PNG
nj1,https://github.com/madelinekinnaird/Gerrymandr/blob/master/images/nj1.PNG
nj2,https://github.com/madelinekinnaird/Gerrymandr/blob/master/images/nj2.PNG
nj3,https://github.com/madelinekinnaird/Gerrymandr/blob/master/images/nj3.PNG
nj4,https://github.com/madelinekinnaird/Gerrymandr/blob/master/images/nj4.PNG
nj5,https://github.com/madelinekinnaird/Gerrymandr/blob/master/images/nj5.PNG
nj6,https://github.com/madelinekinnaird/Gerrymandr/blob/master/images/nj6.PNG
nj7,https://github.com/madelinekinnaird/Gerrymandr/blob/master/images/nj7.PNG
nj8,https://github.com/madelinekinnaird/Gerrymandr/blob/master/images/nj8.PNG
nj9,https://github.com/madelinekinnaird/Gerrymandr/blob/master/images/nj9.PNG
nj10,https://github.com/madelinekinnaird/Gerrymandr/blob/master/images/nj10.PNG
nj11,https://github.com/madelinekinnaird/Gerrymandr/blob/master/images/nj11.PNG
nj12,https://github.com/madelinekinnaird/Gerrymandr/blob/master/images/nj12.PNG
nm1,https://github.com/madelinekinnaird/Gerrymandr/blob/master/images/nm1.PNG
nm2,https://github.com/madelinekinnaird/Gerrymandr/blob/master/images/nm2.PNG
nm3,https://github.com/madelinekinnaird/Gerrymandr/blob/master/images/nm3.PNG
nv1,https://github.com/madelinekinnaird/Gerrymandr/blob/master/images/nv1.PNG
nv2,https://github.com/madelinekinnaird/Gerrymandr/blob/master/images/nv2.PNG
nv3,https://github.com/madelinekinnaird/Gerrymandr/blob/master/images/nv3.PNG
nv4,https://github.com/madelinekinnaird/Gerrymandr/blob/master/images/nv4.PNG
ny1,https://github.com/madelinekinnaird/Gerrymandr/blob/master/images/ny1.PNG
ny2,https://github.com/madelinekinnaird/Gerrymandr/blob/master/images/ny2.PNG
ny3,https://github.com/madelinekinnaird/Gerrymandr/blob/master/images/ny3.PNG
ny4,https://github.com/madelinekinnaird/Gerrymandr/blob/master/images/ny4.PNG
ny5,https://github.com/madelinekinnaird/Gerrymandr/blob/master/images/ny5.PNG
ny6,https://github.com/madelinekinnaird/Gerrymandr/blob/master/images/ny6.PNG
ny7,https://github.com/madelinekinnaird/Gerrymandr/blob/master/images/ny7.PNG
ny8,https://github.com/madelinekinnaird/Gerrymandr/blob/master/images/ny8.PNG
ny9,https://github.com/madelinekinnaird/Gerrymandr/blob/master/images/ny9.PNG
ny10,https://github.com/madelinekinnaird/Gerrymandr/blob/master/images/ny10.PNG
ny11,https://github.com/madelinekinnaird/Gerrymandr/blob/master/images/ny11.PNG
ny12,https://github.com/madelinekinnaird/Gerrymandr/blob/master/images/ny12.PNG
ny13,https://github.com/madelinekinnaird/Gerrymandr/blob/master/images/ny13.PNG
ny14,https://github.com/madelinekinnaird/Gerrymandr/blob/master/images/ny14.PNG
ny15,https://github.com/madelinekinnaird/Gerrymandr/blob/master/images/ny15.PNG
ny16,https://github.com/madelinekinnaird/Gerrymandr/blob/master/images/ny16.PNG
ny17,https://github.com/madelinekinnaird/Gerrymandr/blob/master/images/ny17.PNG
ny18,https://github.com/madelinekinnaird/Gerrymandr/blob/master/images/ny18.PNG
ny19,https://github.com/madelinekinnaird/Gerrymandr/blob/master/images/ny19.PNG
ny20,https://github.com/madelinekinnaird/Gerrymandr/blob/master/images/ny20.PNG
ny21,https://github.com/madelinekinnaird/Gerrymandr/blob/master/images/ny21.PNG
ny22,https://github.com/madelinekinnaird/Gerrymandr/blob/master/images/ny22.PNG
ny23,https://github.com/madelinekinnaird/Gerrymandr/blob/master/images/ny23.PNG
ny24,https://github.com/madelinekinnaird/Gerrymandr/blob/master/images/ny24.PNG
ny25,https://github.com/madelinekinnaird/Gerrymandr/blob/master/images/ny25.PNG
ny26,https://github.com/madelinekinnaird/Gerrymandr/blob/master/images/ny26.PNG
ny27,https://github.com/madelinekinnaird/Gerrymandr/blob/master/images/ny27.PNG
oh1,https://github.com/madelinekinnaird/Gerrymandr/blob/master/images/oh1.PNG
oh2,https://github.com/madelinekinnaird/Gerrymandr/blob/master/images/oh2.PNG
oh3,https://github.com/madelinekinnaird/Gerrymandr/blob/master/images/oh3.PNG
oh4,https://github.com/madelinekinnaird/Gerrymandr/blob/master/images/oh4.PNG
oh5,https://github.com/madelinekinnaird/Gerrymandr/blob/master/images/oh5.PNG
oh6,https://github.com/madelinekinnaird/Gerrymandr/blob/master/images/oh6.PNG
oh7,https://github.com/madelinekinnaird/Gerrymandr/blob/master/images/oh7.PNG
oh8,https://github.com/madelinekinnaird/Gerrymandr/blob/master/images/oh8.PNG
oh9,https://github.com/madelinekinnaird/Gerrymandr/blob/master/images/oh9.PNG
oh10,https://github.com/madelinekinnaird/Gerrymandr/blob/master/images/oh10.PNG
oh11,https://github.com/madelinekinnaird/Gerrymandr/blob/master/images/oh11.PNG
oh12,https://github.com/madelinekinnaird/Gerrymandr/blob/master/images/oh12.PNG
oh13,https://github.com/madelinekinnaird/Gerrymandr/blob/master/images/oh13.PNG
oh14,https://github.com/madelinekinnaird/Gerrymandr/blob/master/images/oh14.PNG
oh15,https://github.com/madelinekinnaird/Gerrymandr/blob/master/images/oh15.PNG
oh16,https://github.com/madelinekinnaird/Gerrymandr/blob/master/images/oh16.PNG
ok1,https://github.com/madelinekinnaird/Gerrymandr/blob/master/images/ok1.PNG
ok2,https://github.com/madelinekinnaird/Gerrymandr/blob/master/images/ok2.PNG
ok3,https://github.com/madelinekinnaird/Gerrymandr/blob/master/images/ok3.PNG
ok4,https://github.com/madelinekinnaird/Gerrymandr/blob/master/images/ok4.PNG
ok5,https://github.com/madelinekinnaird/Gerrymandr/blob/master/images/ok5.PNG
or1,https://github.com/madelinekinnaird/Gerrymandr/blob/master/images/or1.PNG
or2,https://github.com/madelinekinnaird/Gerrymandr/blob/master/images/or2.PNG
or3,https://github.com/madelinekinnaird/Gerrymandr/blob/master/images/or3.PNG
or4,https://github.com/madelinekinnaird/Gerrymandr/blob/master/images/or4.PNG
or5,https://github.com/madelinekinnaird/Gerrymandr/blob/master/images/or5.PNG
pa1,https://github.com/madelinekinnaird/Gerrymandr/blob/master/images/pa1.PNG
pa2,https://github.com/madelinekinnaird/Gerrymandr/blob/master/images/pa2.PNG
pa3,https://github.com/madelinekinnaird/Gerrymandr/blob/master/images/pa3.PNG
pa4,https://github.com/madelinekinnaird/Gerrymandr/blob/master/images/pa4.PNG
pa5,https://github.com/madelinekinnaird/Gerrymandr/blob/master/images/pa5.PNG
pa6,https://github.com/madelinekinnaird/Gerrymandr/blob/master/images/pa6.PNG
pa7,https://github.com/madelinekinnaird/Gerrymandr/blob/master/images/pa7.PNG
pa8,https://github.com/madelinekinnaird/Gerrymandr/blob/master/images/pa8.PNG
pa9,https://github.com/madelinekinnaird/Gerrymandr/blob/master/images/pa9.PNG
pa10,https://github.com/madelinekinnaird/Gerrymandr/blob/master/images/pa10.PNG
pa11,https://github.com/madelinekinnaird/Gerrymandr/blob/master/images/pa11.PNG
pa12,https://github.com/madelinekinnaird/Gerrymandr/blob/master/images/pa12.PNG
pa13,https://github.com/madelinekinnaird/Gerrymandr/blob/master/images/pa13.PNG
pa14,https://github.com/madelinekinnaird/Gerrymandr/blob/master/images/pa14.PNG
pa15,https://github.com/madelinekinnaird/Gerrymandr/blob/master/images/pa15.PNG
pa16,https://github.com/madelinekinnaird/Gerrymandr/blob/master/images/pa16.PNG
pa17,https://github.com/madelinekinnaird/Gerrymandr/blob/master/images/pa17.PNG
pa18,https://github.com/madelinekinnaird/Gerrymandr/blob/master/images/pa18.PNG
ri1,https://github.com/madelinekinnaird/Gerrymandr/blob/master/images/ri1.PNG
ri2,https://github.com/madelinekinnaird/Gerrymandr/blob/master/images/ri2.PNG
sc1,https://github.com/madelinekinnaird/Gerrymandr/blob/master/images/sc1.PNG
sc2,https://github.com/madelinekinnaird/Gerrymandr/blob/master/images/sc2.PNG
sc3,https://github.com/madelinekinnaird/Gerrymandr/blob/master/images/sc3.PNG
sc4,https://github.com/madelinekinnaird/Gerrymandr/blob/master/images/sc4.PNG
sc5,https://github.com/madelinekinnaird/Gerrymandr/blob/master/images/sc5.PNG
sc6,https://github.com/madelinekinnaird/Gerrymandr/blob/master/images/sc6.PNG
sc7,https://github.com/madelinekinnaird/Gerrymandr/blob/master/images/sc7.PNG
sd0,https://github.com/madelinekinnaird/Gerrymandr/blob/master/images/sd0.PNG
tn1,https://github.com/madelinekinnaird/Gerrymandr/blob/master/images/tn1.PNG
tn2,https://github.com/madelinekinnaird/Gerrymandr/blob/master/images/tn2.PNG
tn3,https://github.com/madelinekinnaird/Gerrymandr/blob/master/images/tn3.PNG
tn4,https://github.com/madelinekinnaird/Gerrymandr/blob/master/images/tn4.PNG
tn5,https://github.com/madelinekinnaird/Gerrymandr/blob/master/images/tn5.PNG
tn6,https://github.com/madelinekinnaird/Gerrymandr/blob/master/images/tn6.PNG
tn7,https://github.com/madelinekinnaird/Gerrymandr/blob/master/images/tn7.PNG
tn8,https://github.com/madelinekinnaird/Gerrymandr/blob/master/images/tn8.PNG
tn9,https://github.com/madelinekinnaird/Gerrymandr/blob/master/images/tn9.PNG
tx1,https://github.com/madelinekinnaird/Gerrymandr/blob/master/images/tx1.PNG
tx2,https://github.com/madelinekinnaird/Gerrymandr/blob/master/images/tx2.PNG
tx3,https://github.com/madelinekinnaird/Gerrymandr/blob/master/images/tx3.PNG
tx4,https://github.com/madelinekinnaird/Gerrymandr/blob/master/images/tx4.PNG
tx5,https://github.com/madelinekinnaird/Gerrymandr/blob/master/images/tx5.PNG
tx6,https://github.com/madelinekinnaird/Gerrymandr/blob/master/images/tx6.PNG
tx7,https://github.com/madelinekinnaird/Gerrymandr/blob/master/images/tx7.PNG
tx8,https://github.com/madelinekinnaird/Gerrymandr/blob/master/images/tx8.PNG
tx9,https://github.com/madelinekinnaird/Gerrymandr/blob/master/images/tx9.PNG
tx10,https://github.com/madelinekinnaird/Gerrymandr/blob/master/images/tx10.PNG
tx11,https://github.com/madelinekinnaird/Gerrymandr/blob/master/images/tx11.PNG
tx12,https://github.com/madelinekinnaird/Gerrymandr/blob/master/images/tx12.PNG
tx13,https://github.com/madelinekinnaird/Gerrymandr/blob/master/images/tx13.PNG
tx14,https://github.com/madelinekinnaird/Gerrymandr/blob/master/images/tx14.PNG
tx15,https://github.com/madelinekinnaird/Gerrymandr/blob/master/images/tx15.PNG
tx16,https://github.com/madelinekinnaird/Gerrymandr/blob/master/images/tx16.PNG
tx17,https://github.com/madelinekinnaird/Gerrymandr/blob/master/images/tx17.PNG
tx18,https://github.com/madelinekinnaird/Gerrymandr/blob/master/images/tx18.PNG
tx19,https://github.com/madelinekinnaird/Gerrymandr/blob/master/images/tx19.PNG
tx20,https://github.com/madelinekinnaird/Gerrymandr/blob/master/images/tx20.PNG
tx21,https://github.com/madelinekinnaird/Gerrymandr/blob/master/images/tx21.PNG
tx22,https://github.com/madelinekinnaird/Gerrymandr/blob/master/images/tx22.PNG
tx23,https://github.com/madelinekinnaird/Gerrymandr/blob/master/images/tx23.PNG
tx24,https://github.com/madelinekinnaird/Gerrymandr/blob/master/images/tx24.PNG
tx25,https://github.com/madelinekinnaird/Gerrymandr/blob/master/images/tx25.PNG
tx26,https://github.com/madelinekinnaird/Gerrymandr/blob/master/images/tx26.PNG
tx27,https://github.com/madelinekinnaird/Gerrymandr/blob/master/images/tx27.PNG
tx28,https://github.com/madelinekinnaird/Gerrymandr/blob/master/images/tx28.PNG
tx29,https://github.com/madelinekinnaird/Gerrymandr/blob/master/images/tx29.PNG
tx30,https://github.com/madelinekinnaird/Gerrymandr/blob/master/images/tx30.PNG
tx31,https://github.com/madelinekinnaird/Gerrymandr/blob/master/images/tx31.PNG
tx32,https://github.com/madelinekinnaird/Gerrymandr/blob/master/images/tx32.PNG
tx33,https://github.com/madelinekinnaird/Gerrymandr/blob/master/images/tx33.PNG
tx34,https://github.com/madelinekinnaird/Gerrymandr/blob/master/images/tx34.PNG
tx35,https://github.com/madelinekinnaird/Gerrymandr/blob/master/images/tx35.PNG
tx36,https://github.com/madelinekinnaird/Gerrymandr/blob/master/images/tx36.PNG
ut1,https://github.com/madelinekinnaird/Gerrymandr/blob/master/images/ut1.PNG
ut2,https://github.com/madelinekinnaird/Gerrymandr/blob/master/images/ut2.PNG
ut3,https://github.com/madelinekinnaird/Gerrymandr/blob/master/images/ut3.PNG
ut4,https://github.com/madelinekinnaird/Gerrymandr/blob/master/images/ut4.PNG
va1,https://github.com/madelinekinnaird/Gerrymandr/blob/master/images/va1.PNG
va2,https://github.com/madelinekinnaird/Gerrymandr/blob/master/images/va2.PNG
va3,https://github.com/madelinekinnaird/Gerrymandr/blob/master/images/va3.PNG
va4,https://github.com/madelinekinnaird/Gerrymandr/blob/master/images/va4.PNG
va5,https://github.com/madelinekinnaird/Gerrymandr/blob/master/images/va5.PNG
va6,https://github.com/madelinekinnaird/Gerrymandr/blob/master/images/va6.PNG
va7,https://github.com/madelinekinnaird/Gerrymandr/blob/master/images/va7.PNG
va8,https://github.com/madelinekinnaird/Gerrymandr/blob/master/images/va8.PNG
va9,https://github.com/madelinekinnaird/Gerrymandr/blob/master/images/va9.PNG
va10,https://github.com/madelinekinnaird/Gerrymandr/blob/master/images/va10.PNG
va11,https://github.com/madelinekinnaird/Gerrymandr/blob/master/images/va11.PNG
vt0,https://github.com/madelinekinnaird/Gerrymandr/blob/master/images/vt0.PNG
wa1,https://github.com/madelinekinnaird/Gerrymandr/blob/master/images/wa1.PNG
wa2,https://github.com/madelinekinnaird/Gerrymandr/blob/master/images/wa2.PNG
wa3,https://github.com/madelinekinnaird/Gerrymandr/blob/master/images/wa3.PNG
wa4,https://github.com/madelinekinnaird/Gerrymandr/blob/master/images/wa4.PNG
wa5,https://github.com/madelinekinnaird/Gerrymandr/blob/master/images/wa5.PNG
wa6,https://github.com/madelinekinnaird/Gerrymandr/blob/master/images/wa6.PNG
wa7,https://github.com/madelinekinnaird/Gerrymandr/blob/master/images/wa7.PNG
wa8,https://github.com/madelinekinnaird/Gerrymandr/blob/master/images/wa8.PNG
wa9,https://github.com/madelinekinnaird/Gerrymandr/blob/master/images/wa9.PNG
wa10,https://github.com/madelinekinnaird/Gerrymandr/blob/master/images/wa10.PNG
wi1,https://github.com/madelinekinnaird/Gerrymandr/blob/master/images/wi1.PNG
wi2,https://github.com/madelinekinnaird/Gerrymandr/blob/master/images/wi2.PNG
wi3,https://github.com/madelinekinnaird/Gerrymandr/blob/master/images/wi3.PNG
wi4,https://github.com/madelinekinnaird/Gerrymandr/blob/master/images/wi4.PNG
wi5,https://github.com/madelinekinnaird/Gerrymandr/blob/master/images/wi5.PNG
wi6,https://github.com/madelinekinnaird/Gerrymandr/blob/master/images/wi6.PNG
wi7,https://github.com/madelinekinnaird/Gerrymandr/blob/master/images/wi7.PNG
wi8,https://github.com/madelinekinnaird/Gerrymandr/blob/master/images/wi8.PNG
wv1,https://github.com/madelinekinnaird/Gerrymandr/blob/master/images/wv1.PNG
wv2,https://github.com/madelinekinnaird/Gerrymandr/blob/master/images/wv2.PNG
wv3,https://github.com/madelinekinnaird/Gerrymandr/blob/master/images/wv3.PNG
wy0,https://github.com/madelinekinnaird/Gerrymandr/blob/master/images/wy0.PNG
